name,flag_colours
Afghanistan,"Black, Green, Red, White"
Albania,"Red, Black"
Algeria,"Green, Red, White"
American Samoa,"Blue, Red, White"
Andorra,"Blue, Red, Yellow"
Angola,"Red, Black, Yellow"
Anguilla,"Blue, White"
Antigua And Barbuda,"Red, Black, Blue, White, Yellow"
Argentina,"Light Blue, White"
Armenia,"Red, Blue, Orange"
Aruba,"Blue, Red, Yellow"
Australia,"Blue, Red, White"
Austria,"Red, White"
Azerbaijan,"Light Blue, Green, Red"
Bahamas,"Black, Aquamarine Blue, Yellow"
Bahrain,"Red, White"
Bangladesh,"Red, Green"
Barbados,"Blue, Black, Gold"
Belarus,"Red, Green, White"
Belgium,"Black, Red, Yellow"
Belize,"Blue, Red, White"
Benin,"Green, Red, Yellow"
Bermuda,Red
Bhutan,"Fulvous, Gold, White"
Bolivia,"Red, Green, Yellow"
Bosnia And Herzegovina,"Blue, White, Yellow"
Botswana,"Light Blue, Black, White"
Bouvet Island,"Blue, Red, White"
Brazil,"Green, Blue, Gold"
British Indian Ocean Territory,
Brunei Darussalam,"Yellow, Black, Red, White"
Bulgaria,"White, Green, Red"
Burkina Faso,"Red, Green, Yellow"
Burundi,"Red, Green, White"
Cabo Verde,"Blue, Gold, Red, White"
Cambodia,"Red, Blue, White"
Cameroon,"Red, Green, Yellow"
Canada,"Red, White"
Cayman,
Central African Republic,"Blue, Green, Red, White, Yellow"
Chad,"Blue, Red, Yellow"
Chile,"Red, Blue, White"
China,"Red, Gold"
Christmas Island,
Cocos Islands,
Colombia,"Yellow, Blue, Red"
Comoros,"Yellow, Blue, Green, Red, White"
Cook Islands,"Blue, Red, White"
Costa Rica,"Blue, Red, White"
Croatia,"Red, Blue, White"
Cuba,"Blue, Red, White"
Curaçao,"Blue, White, Yellow"
Cyprus,"Olive Green, Orange, White"
Czech Republic,"Blue, Red, White"
Ivory Coast,"Orange, Green, White"
Democratic Republic of the Congo,"Blue, Red, Yellow"
Denmark,"Red, White"
Djibouti,"Light Blue, Green, Red, White"
Dominica,"Green, Black, Red, White, Yellow"
Dominican Republic,"Blue, Red, White"
Ecuador,"Yellow, Blue, Red"
Egypt,"Black, Gold, Red, White"
El Salvador,"Blue, Gold, White"
Equatorial Guinea,"Green, Blue, Red, White"
Eritrea,"Green, Blue, Red, Yellow"
Estonia,"Blue, Black, White"
Eswatini,"Black, Blue, Red, White, Yellow"
Ethiopia,"Green, Blue, Red, Yellow"
Falkland Islands,
Faroe Islands,
Fiji,"Dark Blue, Gold, Light Blue, Red, White"
Finland,"White, Blue"
France,"Blue, Red, White"
French Guiana,
French Polynesia,"Red, Blue, Golden, White"
French Southern Territories,
Gabon,"Green, Blue, Yellow"
Gambia,"Red, Blue, Green, White"
Georgia (country),"Red, White"
Germany,"Black, Gold, Red"
Ghana,"Red, Black, Green, Yellow"
Gibraltar,"Gold, Red, White"
Greece,"Blue, White"
Greenland,
Grenada,"Green, Red, Yellow"
Guadeloupe,
Guam,
Guatemala,"Blue, White"
Guernsey,
Guinea,"Red, Green, Yellow"
Guinea-Bissau,"Red, Black, Green, Yellow"
Guyana,"Black, Green, Red, White, Yellow"
Himi,
Haiti,"Blue, Red"
Holy See (Vatican City State),"Yellow, White"
Honduras,"Blue, White"
Hong Kong,
Hungary,"Red, Green, White"
Iceland,"Blue, Red, White"
India,"Blue, Green, Saffron Orange, White"
Indonesia,"Red, White"
Iran,"Green, Red, White"
Iraq,"Red, Black, Green, White"
Ireland,"Green, Orange, White"
Isle Of Man,
Israel,"Blue, White"
Italy,"Green, Red, White"
Jamaica,"Green, Black, Gold"
Japan,"Red, White"
Jersey,
Jordan,"Black, Green, Red, White"
Kazakhstan,"Blue, Yellow"
Kenya,"Black, Green, Red, White"
Kiribati,"Red, Blue, Gold, White"
Kuwait,"Green, Black, Red, White"
Kyrgyzstan,"Red, Yellow"
Laos,"Red, Blue, White"
Latvia,"Red, White"
Lebanon,"Red, Green, White"
Lesotho,"Blue, Black, Green, White"
Liberia,"Red, Blue, White"
Libya,"Red, Black, Green, White"
Liechtenstein,"Blue, Red"
Lithuania,"Yellow, Green, Red"
Luxembourg,"Red, Light Blue, White"
Macao,
Madagascar,"Red, Green, White"
Malawi,"Black, Green, Red"
Malaysia,"Red, Dark Blue, White, Yellow"
Maldives,"Red, White"
Mali,"Green, Red, Yellow"
Malta,"Red, White"
Marshall Islands,"Blue, Orange, White"
Martinique,
Mauritania,"Green, Red, Yellow"
Mauritius,"Red, Blue, Green, Yellow"
Mayotte,
Mexico,"Green, Red, White"
Micronesia,"Blue, White"
Moldova,"Blue, Gold, Red, Yellow"
Monaco,"Red, White"
Mongolia,"Blue, Red, Yellow"
Montenegro,"Red, Gold"
Montserrat,
Morocco,"Red, Green"
Mozambique,"Black, Green, Red, White, Yellow"
Myanmar,"Yellow, Green, Red, White"
Namibia,"Blue, Green, Red, White, Yellow"
Nauru,"Blue, White, Yellow"
Nepal,"Crimson, Blue, White"
Netherlands,"Red, Blue, White"
New Caledonia,
New Zealand,"White, Blue, Red"
Nicaragua,"Blue, White"
Niger,"Orange, Green, White"
Nigeria,"Green, White"
Niue,Gold
Norfolk Island,"Green, White"
North Korea,"Red, Blue, White"
North Macedonia,"Red, Yellow"
Northern Mariana Islands,
Norway,"Red, Blue, White"
Oman,"Red, Green, White"
Pakistan,"Green, White"
Palau,"Yellow, Blue"
Palestine,"Black, Green, Red, White"
Panama,"Blue, Red, White"
Papua New Guinea,"Red, Black, White, Yellow"
Paraguay,"Red, Blue, White"
Peru,"Red, White"
Philippines,"Blue, Red, White, Yellow"
Pitcairn Islands,"Blue, Black, Brown, Green, Red, White, Yellow"
Poland,"White, Red"
Portugal,"Red, Green, White"
Puerto Rico,
Qatar,"Maroon, White"
Republic of the Congo,"Green, Red, Yellow"
Romania,"Blue, Red, Yellow"
Russia,"White, Blue, Red"
Rwanda,"Sky Blue, Green, Yellow"
Réunion,
Saint Barthélemy,
"Saint Helena, Ascension And Tristan Da Cunha",
Saint Kitts And Nevis,"Green, Red, White"
Saint Lucia,"Light Blue, Black, White, Yellow"
Saint Martin,
Saint Pierre And Miquelon,
Saint Vincent And The Grenadines,"Blue, Green, Yellow"
Samoa,"Red, Blue, White"
San Marino,"White, Light Blue"
Sao Tome And Principe,"Green, Black, Red, Yellow"
Saudi Arabia,"Green, White"
Senegal,"Green, Red, Yellow"
Serbia,"Red, Blue, White"
Seychelles,"Blue, Green, Red, White, Yellow"
Sierra Leone,"Green, Blue, White"
Singapore,"Red, White"
Sint Eustatius,
Sint Maarten (Dutch Part),
Slovakia,"White, Blue, Red"
Slovenia,"Blue, Red, White"
Solomon Islands,"Olive Green, Blue, Yellow"
Somalia,"Blue, White"
South Africa,"Red, Black, Blue, Gold, Green, White"
South Georgia And The South Sandwich Islands,
South Korea,"White, Black, Blue, Red"
South Sudan,"Black, Blue, Green, Red, White, Yellow"
Spain,"Red, Gold"
Sri Lanka,"Maroon, Gold, Green, Orange"
Sudan,"Red, Black, Green, White"
Suriname,"Gold, Green, Red, White"
Svalbard And Jan Mayen,
Sweden,"Blue, Gold"
Switzerland,"Red, White"
Syria,"Red, Black, Green, White"
"Taiwan, Province Of China",
Tajikistan,"Golden, Green, Red, White"
Tanzania,"Green, Black, Blue, Yellow"
Thailand,"Red, Blue, White"
Timor-Leste,
Togo,"Green, Red, White, Yellow"
Tokelau,
Tonga,"Red, White"
Trinidad And Tobago,"Red, Black, White"
Tunisia,"Red, White"
Turkey,"Red, White"
Turkmenistan,"Green, White"
Turks And Caicos Islands,
Tuvalu,"Dark Blue, Gold, Red, Sky Blue, White"
Uganda,"Blue, Red, White, Yellow"
Ukraine,"Blue, Gold"
United Arab Emirates,"Red, Black, Green, White"
United Kingdom,"Red, Blue, White"
United States,"Red, Blue, White"
United States Minor Outlying Islands,
Uruguay,"Blue, White"
Uzbekistan,"Blue, Green, Red, White"
Vanuatu,"Red, Black, Green, Yellow"
Venezuela,"Yellow, Blue, Red"
Vietnam,"Red, Yellow"
"Virgin Islands, British",
"Virgin Islands, U.S.",
Wallis And Futuna,
Western Sahara,
Yemen,"Red, Black, White"
Zambia,"Green, Black, Orange, Red"
Zimbabwe,"Green, Black, Red, White, Yellow"
Åland Islands,"Blue, Gold, Red"
